{"cameraMode":{"drawMode":0,"name":"Shaded","section":"Shading Mode"},"sceneLighting":true,"audioPlay":false,"sceneViewState":{"showFog":false,"showMaterialUpdate":false,"showSkybox":false,"showFlares":false,"showImageEffects":false,"showParticleSystems":false,"showVisualEffectGraphs":true,"m_FxEnabled":true},"in2DMode":false,"pivot":{"x":2.1115074157714845,"y":0.28735923767089846,"z":0.11573028564453125},"rotation":{"x":0.037027135491371158,"y":-0.15673930943012238,"z":0.005880481563508511,"w":0.9869276881217957},"size":24.30282211303711,"orthographic":true}