{"cameraMode":{"drawMode":0,"name":"Shaded","section":"Shading Mode"},"sceneLighting":true,"audioPlay":false,"sceneViewState":{"m_AlwaysRefresh":false,"showFog":false,"showSkybox":false,"showFlares":false,"showImageEffects":false,"showParticleSystems":false,"showVisualEffectGraphs":true,"m_FxEnabled":true},"in2DMode":false,"pivot":{"x":0.03003692626953125,"y":0.9709625244140625,"z":-1.9851226806640626},"rotation":{"x":0.013017714954912663,"y":-0.1606968194246292,"z":-0.002138723386451602,"w":-0.9869502186775208},"size":167.91058349609376,"orthographic":true}