{"cameraMode":{"drawMode":0,"name":"Shaded","section":"Shading Mode"},"sceneLighting":true,"audioPlay":false,"sceneViewState":{"m_AlwaysRefresh":false,"showFog":false,"showSkybox":false,"showFlares":false,"showImageEffects":false,"showParticleSystems":false,"showVisualEffectGraphs":true,"m_FxEnabled":true},"in2DMode":false,"pivot":{"x":0.5745506286621094,"y":-1.1025848388671876,"z":2.3872146606445314},"rotation":{"x":0.024245550855994226,"y":-0.07160859555006027,"z":0.0017331668641418219,"w":0.9971444606781006},"size":212.0943145751953,"orthographic":true}