{"cameraMode":{"drawMode":0,"name":"Shaded","section":"Shading Mode"},"sceneLighting":true,"audioPlay":false,"sceneViewState":{"m_AlwaysRefresh":false,"showFog":false,"showSkybox":false,"showFlares":false,"showImageEffects":false,"showParticleSystems":false,"showVisualEffectGraphs":true,"m_FxEnabled":true},"in2DMode":false,"pivot":{"x":4.970024108886719,"y":-2.2103195190429689,"z":0.596221923828125},"rotation":{"x":-0.028023013845086099,"y":0.23116987943649293,"z":-0.0066839284263551239,"w":-0.9725097417831421},"size":567.3260498046875,"orthographic":true}