{"cameraMode":{"drawMode":0,"name":"Shaded","section":"Shading Mode"},"sceneLighting":true,"audioPlay":false,"sceneViewState":{"showFog":false,"showMaterialUpdate":false,"showSkybox":false,"showFlares":false,"showImageEffects":false,"showParticleSystems":false,"showVisualEffectGraphs":true,"m_FxEnabled":true},"in2DMode":false,"pivot":{"x":1.002351999282837,"y":0.2168523073196411,"z":0.8212528228759766},"rotation":{"x":0.027052778750658037,"y":-0.6375877261161804,"z":0.021907538175582887,"w":0.7697051167488098},"size":8.230027198791504,"orthographic":true}