{"cameraMode":{"drawMode":0,"name":"Shaded","section":"Shading Mode"},"sceneLighting":true,"audioPlay":false,"sceneViewState":{"m_AlwaysRefresh":false,"showFog":false,"showSkybox":false,"showFlares":false,"showImageEffects":false,"showParticleSystems":false,"showVisualEffectGraphs":true,"m_FxEnabled":true},"in2DMode":false,"pivot":{"x":0.5745506286621094,"y":-1.1025848388671876,"z":2.3872146606445314},"rotation":{"x":-0.0032968255691230299,"y":-0.08778934925794602,"z":0.00029063280089758337,"w":-0.9961347579956055},"size":156.80264282226563,"orthographic":true}