{"cameraMode":{"drawMode":0,"name":"Shaded","section":"Shading Mode"},"sceneLighting":true,"audioPlay":false,"sceneViewState":{"m_AlwaysRefresh":false,"showFog":false,"showSkybox":false,"showFlares":false,"showImageEffects":false,"showParticleSystems":false,"showVisualEffectGraphs":true,"m_FxEnabled":true},"in2DMode":false,"pivot":{"x":-10.516021728515625,"y":15.339187622070313,"z":8.916839599609375},"rotation":{"x":-0.04075348749756813,"y":0.047040440142154697,"z":-0.0019170717569068075,"w":-0.998078465461731},"size":156.81790161132813,"orthographic":true}