{"cameraMode":{"drawMode":0,"name":"Shaded","section":"Shading Mode"},"sceneLighting":true,"audioPlay":false,"sceneViewState":{"showFog":false,"showMaterialUpdate":false,"showSkybox":false,"showFlares":false,"showImageEffects":false,"showParticleSystems":false,"showVisualEffectGraphs":true,"m_FxEnabled":true},"in2DMode":false,"pivot":{"x":1.002351999282837,"y":0.2168523073196411,"z":0.8212528228759766},"rotation":{"x":-0.025697434321045877,"y":0.7733674645423889,"z":-0.029767323285341264,"w":-0.6331256031990051},"size":24.470365524291993,"orthographic":true}