{"cameraMode":{"drawMode":0,"name":"Shaded","section":"Shading Mode"},"sceneLighting":true,"audioPlay":false,"sceneViewState":{"showFog":false,"showMaterialUpdate":false,"showSkybox":false,"showFlares":false,"showImageEffects":false,"showParticleSystems":false,"showVisualEffectGraphs":true,"m_FxEnabled":true},"in2DMode":false,"pivot":{"x":2.1115074157714845,"y":0.28735923767089846,"z":0.11573028564453125},"rotation":{"x":0.012277408502995968,"y":-0.9276809096336365,"z":0.03062485158443451,"w":0.3719228208065033},"size":24.30282211303711,"orthographic":true}