{"cameraMode":{"drawMode":0,"name":"Shaded","section":"Shading Mode"},"sceneLighting":true,"audioPlay":false,"sceneViewState":{"showFog":false,"showMaterialUpdate":false,"showSkybox":false,"showFlares":false,"showImageEffects":false,"showParticleSystems":false,"showVisualEffectGraphs":true,"m_FxEnabled":true},"in2DMode":false,"pivot":{"x":1.002351999282837,"y":0.2168523073196411,"z":0.8212528228759766},"rotation":{"x":0.04843704774975777,"y":-0.5454263687133789,"z":0.030607931315898896,"w":0.8364280462265015},"size":21.340259552001954,"orthographic":true}