{"cameraMode":{"drawMode":0,"name":"Shaded","section":"Shading Mode"},"sceneLighting":true,"audioPlay":false,"sceneViewState":{"m_AlwaysRefresh":false,"showFog":false,"showSkybox":false,"showFlares":false,"showImageEffects":false,"showParticleSystems":false,"showVisualEffectGraphs":true,"m_FxEnabled":true},"in2DMode":false,"pivot":{"x":-236.76296997070313,"y":3.7684860229492189,"z":45.63323974609375},"rotation":{"x":-0.08118366450071335,"y":-0.03201727569103241,"z":0.002583462279289961,"w":-0.9962037801742554},"size":450.66058349609377,"orthographic":true}