{"cameraMode":{"drawMode":0,"name":"Shaded","section":"Shading Mode"},"sceneLighting":false,"audioPlay":false,"sceneViewState":{"showFog":false,"showMaterialUpdate":false,"showSkybox":false,"showFlares":false,"showImageEffects":true,"showParticleSystems":true,"showVisualEffectGraphs":true,"m_FxEnabled":true},"in2DMode":false,"pivot":{"x":-377.9278564453125,"y":-1.2223129272460938,"z":14.167282104492188},"rotation":{"x":0.0036524063907563688,"y":0.9942689538002014,"z":-0.10057283192873001,"w":0.036108676344156268},"size":54.61241912841797,"orthographic":false}