{"cameraMode":{"drawMode":0,"name":"Shaded","section":"Shading Mode"},"sceneLighting":false,"audioPlay":false,"sceneViewState":{"showFog":false,"showMaterialUpdate":false,"showSkybox":false,"showFlares":false,"showImageEffects":true,"showParticleSystems":true,"showVisualEffectGraphs":true,"m_FxEnabled":true},"in2DMode":false,"pivot":{"x":-0.13498735427856446,"y":0.11857442557811737,"z":0.15124452114105225},"rotation":{"x":-0.7493012547492981,"y":0.23806887865066529,"z":0.5089887976646423,"w":0.350443959236145},"size":1.5073950290679932,"orthographic":true}