{"cameraMode":{"drawMode":2,"name":"Shaded Wireframe","section":"Shading Mode"},"sceneLighting":false,"audioPlay":false,"sceneViewState":{"showFog":false,"showMaterialUpdate":false,"showSkybox":false,"showFlares":false,"showImageEffects":true,"showParticleSystems":true,"showVisualEffectGraphs":true,"m_FxEnabled":true},"in2DMode":false,"pivot":{"x":-0.047377508133649829,"y":-0.17991387844085694,"z":-0.01630997657775879},"rotation":{"x":-0.025178231298923494,"y":0.7157610654830933,"z":-0.025723477825522424,"w":-0.6975281238555908},"size":2.4543120861053469,"orthographic":true}