{"cameraMode":{"drawMode":0,"name":"Shaded","section":"Shading Mode"},"sceneLighting":false,"audioPlay":false,"sceneViewState":{"showFog":false,"showMaterialUpdate":false,"showSkybox":false,"showFlares":false,"showImageEffects":true,"showParticleSystems":true,"showVisualEffectGraphs":true,"m_FxEnabled":true},"in2DMode":false,"pivot":{"x":-0.17919087409973145,"y":0.2542315721511841,"z":-0.13461440801620484},"rotation":{"x":-0.10003911703824997,"y":-0.8817572593688965,"z":0.2170104682445526,"w":-0.40686124563217165},"size":1.5073950290679932,"orthographic":true}