{"cameraMode":{"drawMode":0,"name":"Shaded","section":"Shading Mode"},"sceneLighting":false,"audioPlay":false,"sceneViewState":{"showFog":false,"showMaterialUpdate":false,"showSkybox":false,"showFlares":false,"showImageEffects":true,"showParticleSystems":true,"showVisualEffectGraphs":true,"m_FxEnabled":true},"in2DMode":false,"pivot":{"x":-0.07194674015045166,"y":0.1226816177368164,"z":0.017298340797424318},"rotation":{"x":-0.011341876350343228,"y":-0.6665468811988831,"z":-0.010154297575354576,"w":0.7454376220703125},"size":2.7284793853759767,"orthographic":true}